iteration,max_L,min_L,c_exact_avg,g_exact_avg_0,c_avg,g_avg_0,c_pi_exact,g_pi_exact_0,c_pi,g_pi_0,lambda_0,c_br_exact,g_br_exact_0,c_br,g_br_0
0.0,2.0251556262373924,0.9549882933497429,0.0,0.0,-0.11517903953790665,0.17134448885917664,0.0,0.0,-0.11517903953790665,0.17134448885917664,15.0,0.0,0.0,-0.11517903953790665,0.17134448885917664
1.0,1.4033058136701582,1.398938687823905,-0.12709329141645007,0.0,-0.13018107414245605,0.15111622959375381,-0.25418658283290013,0.0,-0.14518311619758606,0.130887970328331,29.176234960741052,0.0,0.0,0.12346980720758438,0.15774457156658173
2.0,1.644442360848188,-6.276302852454,-0.08472886094430004,0.0,-0.051442522555589676,0.15652949611345926,0.0,0.0,0.10603457689285278,0.16735602915287018,29.82029412399816,-0.25418658283290013,0.0,-0.17127327620983124,-0.14751280844211578
3.0,-0.01162407360970974,2.0084485257641953,-0.06354664570822503,0.0,-0.01162407360970974,0.06883413344621658,0.0,0.0,0.10783127695322037,-0.19425195455551147,29.99377034741139,0.0,0.0,0.10184119641780853,0.1733378916978836
4.0,-0.04126467555761337,-5.905356248193799,-0.10167463313316005,0.0,-0.04126467555761337,0.02608633041381836,-0.25418658283290013,0.0,-0.1598270833492279,-0.14490488171577454,0.05878096407984044,0.0,0.0,0.1319952756166458,-0.1901203691959381
5.0,-0.05636768415570259,-3.8395060426681895,-0.12709329141645007,0.0,-0.05636768415570259,0.043146600325902305,-0.25418658283290013,0.0,-0.1318827122449875,0.12844794988632202,2.831695437056692e-07,0.0,0.0,0.09470895677804947,-0.12686687707901
6.0,-0.06985177844762802,0.2526129585582598,-0.14524947590451437,0.0,-0.06985177844762802,0.018962655748639787,-0.25418658283290013,0.0,-0.150756374001503,-0.1261410117149353,1.1743185222205873e-06,-0.25418658283290013,0.0,-0.16005529463291168,0.12776264548301697
7.0,-0.08277548849582672,1.1255938893194435,-0.1588666142705626,0.0,-0.08277548849582672,0.03333999589085579,-0.25418658283290013,0.0,-0.17324143648147583,0.1339813768863678,1.4427671717287962e-11,0.0,0.0,0.13447169959545135,0.17620420455932617
8.0,-0.09164971858263016,-3.0731468299987506,-0.1694577218886001,0.0,-0.09164971858263016,0.015267703268263075,-0.25418658283290013,0.0,-0.16264358162879944,-0.12931063771247864,7.890281094766968e-11,-0.25418658283290013,0.0,-0.1562349796295166,-0.1523059904575348
9.0,-0.09753050655126572,-2.589694064674283,-0.17793060798303012,0.0,-0.09753050655126572,-0.0012452885508537292,-0.25418658283290013,0.0,-0.15045765042304993,-0.14986221492290497,8.273232806134454e-16,-0.25418658283290013,0.0,-0.16994830965995789,-0.13255810737609863
10.0,-0.10456333309412003,0.19883003952897532,-0.18486296933301827,0.0,-0.10456333309412003,-0.013434820554473183,-0.25418658283290013,0.0,-0.17489156126976013,-0.13533014059066772,3.1044608440807887e-21,0.0,0.0,-0.12011947482824326,0.13371913135051727
11.0,-0.10897470265626907,0.1886744256264558,-0.19063993712467509,0.0,-0.10897470265626907,-0.02575361356139183,-0.25418658283290013,0.0,-0.15749980509281158,-0.16126033663749695,2.4091126737675955e-26,-0.25418658283290013,0.0,-0.15079805254936218,0.1391514241695404
12.0,-0.11268602311611176,0.651669600155406,-0.19552814064069238,0.0,-0.11268602311611176,-0.035223221549620994,-0.25418658283290013,0.0,-0.15722176432609558,-0.14885851740837097,5.11282567287806e-32,0.0,0.0,0.12767669558525085,0.1654682159423828
13.0,-0.11384247988462448,0.0782450003029182,-0.19971802936870722,0.0,-0.11384247988462448,-0.04200388810464314,-0.25418658283290013,0.0,-0.12887641787528992,-0.13015255331993103,2.017283521812836e-37,-0.25418658283290013,0.0,-0.14757376909255981,0.13038434088230133
14.0,-0.1149892508983612,-1.7117329024735077,-0.20334926626632005,0.0,-0.1149892508983612,-0.031111475825309754,-0.25418658283290013,0.0,-0.13104401528835297,0.12138229608535767,2.0279990436622292e-42,0.0,0.0,0.131398543715477,-0.16571086645126343
15.0,-0.1186516135931015,-1.626020775629552,-0.20652659855173136,0.0,-0.1186516135931015,-0.03895410988479853,-0.25418658283290013,0.0,-0.1735871434211731,-0.15659362077713013,5.907155533975844e-42,0.0,0.0,0.13726739585399628,-0.17114713788032532
16.0,-0.12069544941186905,-1.6748819620655861,-0.20933012703885892,0.0,-0.12069544941186905,-0.04378364235162735,-0.25418658283290013,0.0,-0.15339693427085876,-0.12105616182088852,1.5831378277492222e-47,-0.25418658283290013,0.0,-0.15163803100585938,-0.14887434244155884
17.0,-0.12282463908195496,-1.546021676343202,-0.21182215236075008,0.0,-0.12282463908195496,-0.033369901693529554,-0.25418658283290013,0.0,-0.15902079641819,0.143663689494133,2.5081018160787532e-52,-0.25418658283290013,0.0,-0.15124669671058655,-0.14128948748111725
18.0,-0.12391863018274307,-1.4878456125893424,-0.21405185922770537,0.0,-0.12391863018274307,-0.039378753226054344,-0.25418658283290013,0.0,-0.14361059665679932,-0.14753808081150055,2.225820474393031e-51,-0.25418658283290013,0.0,-0.15829500555992126,-0.14278408885002136
19.0,-0.12543998658657074,-1.355083265428893,-0.2160585954079651,0.0,-0.12543998658657074,-0.04487255476415157,-0.25418658283290013,0.0,-0.15434572100639343,-0.14925478398799896,9.381429194576559e-57,-0.25418658283290013,0.0,-0.15684862434864044,-0.13032104074954987
20.0,-0.12728846073150635,-1.3692938474755456,-0.21787421385677153,0.0,-0.12728846073150635,-0.04993734295879092,-0.25418658283290013,0.0,-0.1642577201128006,-0.15123310685157776,3.6288593967940055e-62,-0.25418658283290013,0.0,-0.15345796942710876,-0.14538951218128204
21.0,-0.12826569378376007,-1.3299044407761569,-0.21952477608295917,0.0,-0.12826569378376007,-0.05450461093675007,-0.25418658283290013,0.0,-0.14878776669502258,-0.1504172384738922,1.2714888104076725e-67,-0.25418658283290013,0.0,-0.1495085507631302,-0.14958134293556213
22.0,-0.1293216347694397,0.3659582565892676,-0.22103181115904355,0.0,-0.1293216347694397,-0.04640092117630917,-0.25418658283290013,0.0,-0.15255239605903625,0.1318802535533905,4.640569704309769e-73,0.0,0.0,0.10997364670038223,0.15658527612686157
23.0,-0.12992337346076965,0.21295206469023442,-0.2224132599787876,0.0,-0.12992337346076965,-0.039867667170862355,-0.25418658283290013,0.0,-0.14376327395439148,0.11039717495441437,2.284768541524571e-72,0.0,0.0,-0.13637763261795044,0.18057651817798615
24.0,-0.13084574043750763,-0.01876023702390471,-0.2236841928929521,0.0,-0.13084574043750763,-0.04337682634592056,-0.25418658283290013,0.0,-0.15298238396644592,-0.1275966465473175,3.842501059638718e-72,-0.25418658283290013,0.0,-0.1328003704547882,0.12740056216716766
25.0,-0.13152779638767242,-1.1927413210031483,-0.22485736173679627,0.0,-0.13152779638767242,-0.04737779698692835,-0.25418658283290013,0.0,-0.14857912063598633,-0.1474020630121231,4.389505637960158e-77,-0.25418658283290013,0.0,-0.15458102524280548,-0.15941764414310455
26.0,-0.13295449316501617,-1.032360713108447,-0.2259436291848001,0.0,-0.13295449316501617,-0.05083665279326616,-0.25418658283290013,0.0,-0.17004887759685516,-0.140766903758049,1.8627221217618828e-82,-0.25418658283290013,0.0,-0.1555836796760559,-0.127517431974411
27.0,-0.13319875299930573,-1.1342502594034398,-0.22695230610080366,0.0,-0.13319875299930573,-0.05412274572466101,-0.25418658283290013,0.0,-0.13979341089725494,-0.14284725487232208,1.101440866430321e-87,-0.25418658283290013,0.0,-0.1550491750240326,-0.16350670158863068
28.0,-0.13372115790843964,-1.1118635972135844,-0.2278914190915656,0.0,-0.13372115790843964,-0.05801055991444094,-0.25418658283290013,0.0,-0.1483488529920578,-0.1668693572282791,5.869485703362574e-93,-0.25418658283290013,0.0,-0.14868934452533722,-0.1684507429599762
29.0,-0.13468725979328156,-0.012669856377753586,-0.2287679245496101,0.0,-0.13468725979328156,-0.05147402609388033,-0.25418658283290013,0.0,-0.16270430386066437,0.13808545470237732,9.41034590418145e-99,-0.25418658283290013,0.0,-0.1251603066921234,0.13243386149406433
30.0,-0.13511602580547333,-0.9885076053629116,-0.2295878812684259,0.0,-0.13511602580547333,-0.05426572287274945,-0.25418658283290013,0.0,-0.14797893166542053,-0.13801662623882294,6.318598038869043e-98,-0.25418658283290013,0.0,-0.16583707928657532,-0.14510342478752136
31.0,-0.13595163822174072,-0.9679785517487045,-0.23035659069231573,0.0,-0.13595163822174072,-0.04962684796191752,-0.25418658283290013,0.0,-0.16185538470745087,0.09417827427387238,4.287018518471194e-103,-0.25418658283290013,0.0,-0.1640140563249588,-0.147257000207901
32.0,-0.13625043630599976,0.3165824190866856,-0.23107871166627283,0.0,-0.13625043630599976,-0.04452814816525488,-0.25418658283290013,0.0,-0.14581215381622314,0.11863024532794952,3.204337052173462e-103,0.0,0.0,0.13139906525611877,0.15873238444328308
33.0,-0.13695299625396729,-0.038686097217848714,-0.2317583549358795,0.0,-0.13695299625396729,-0.03998249506249147,-0.25418658283290013,0.0,-0.1601373851299286,0.11002405732870102,8.1337127113255e-103,-0.25418658283290013,0.0,-0.16843776404857635,0.14239880442619324
34.0,-0.13782532513141632,-0.8903661877863395,-0.23239916144722297,0.0,-0.13782532513141632,-0.04280044393880027,-0.25418658283290013,0.0,-0.16748473048210144,-0.13861070573329926,1.3426365572089813e-102,-0.25418658283290013,0.0,-0.1596444994211197,-0.14579994976520538
35.0,-0.13798987865447998,-0.8743672639120791,-0.23300436759682513,0.0,-0.13798987865447998,-0.037979856547382146,-0.25418658283290013,0.0,-0.14374907314777374,0.1307407021522522,8.842861577404248e-108,-0.25418658283290013,0.0,-0.14006152749061584,-0.15406285226345062
36.0,-0.13777433335781097,-0.05671083020541745,-0.23357685990050286,0.0,-0.13777433335781097,-0.04079424005907935,-0.25418658283290013,0.0,-0.1300150752067566,-0.14211204648017883,4.112621035311516e-107,-0.25418658283290013,0.0,-0.15215614438056946,0.13394048810005188
37.0,-0.13805115222930908,-0.7446358538173082,-0.2341192210303028,0.0,-0.13805115222930908,-0.03651824554330424,-0.25418658283290013,0.0,-0.14829318225383759,0.12169355154037476,2.2736436747698577e-112,-0.25418658283290013,0.0,-0.13467368483543396,-0.12276566028594971
38.0,-0.1388799548149109,-0.06826956061397134,-0.23463376876883096,0.0,-0.1388799548149109,-0.039411951716129594,-0.25418658283290013,0.0,-0.17037491500377655,-0.14937278628349304,6.72654248318633e-112,-0.25418658283290013,0.0,-0.1568477898836136,0.13320116698741913
39.0,-0.13916118443012238,-0.09025673297861418,-0.23512258912043263,0.0,-0.13916118443012238,-0.035370709002017976,-0.25418658283290013,0.0,-0.15012870728969574,0.12223775684833527,2.5866081310255398e-117,-0.25418658283290013,0.0,-0.15902690589427948,0.12643758952617645
40.0,-0.13991039991378784,-0.7406448755287555,-0.23558756457683427,0.0,-0.13991039991378784,-0.03135111346477416,-0.25418658283290013,0.0,-0.16987937688827515,0.12943270802497864,7.863527191879926e-117,-0.25418658283290013,0.0,-0.13688404858112335,-0.13790881633758545
41.0,-0.14014294743537903,-0.7660020586720545,-0.23603039834483588,0.0,-0.14014294743537903,-0.034493862163452876,-0.25418658283290013,0.0,-0.14967738091945648,-0.1633465588092804,3.4256305816021313e-116,-0.25418658283290013,0.0,-0.15523597598075867,-0.14653918147087097
42.0,-0.1406298726797104,-0.7999091620989182,-0.23645263519339552,0.0,-0.1406298726797104,-0.03027762437975684,-0.25418658283290013,0.0,-0.1610807478427887,0.14680436253547668,6.550020527978041e-122,-0.25418658283290013,0.0,-0.16932234168052673,-0.16060040891170502
43.0,-0.14102977514266968,-0.05994374109937038,-0.23685567945792974,0.0,-0.14102977514266968,-0.03298219496553594,-0.25418658283290013,0.0,-0.15822532773017883,-0.14927873015403748,6.801214624386432e-121,-0.25418658283290013,0.0,-0.1403619796037674,0.1340070515871048
44.0,-0.1413356363773346,-0.7149308682479103,-0.2372408106440402,0.0,-0.1413356363773346,-0.029230065478218926,-0.25418658283290013,0.0,-0.15479305386543274,0.13586363196372986,2.6276506939787554e-126,-0.25418658283290013,0.0,-0.16073451936244965,-0.13968338072299957
45.0,-0.14154675602912903,-0.6757569191035041,-0.23760919699597197,0.0,-0.14154675602912903,-0.032119991986647896,-0.25418658283290013,0.0,-0.15104717016220093,-0.16216668486595154,1.5788341263182774e-125,-0.25418658283290013,0.0,-0.11206795275211334,-0.14920635521411896
46.0,-0.14199142158031464,-0.7060359468299884,-0.23796190733292788,0.0,-0.14199142158031464,-0.02911017581503442,-0.25418658283290013,0.0,-0.1624458134174347,0.10934136807918549,3.202279803040341e-131,-0.25418658283290013,0.0,-0.14890272915363312,-0.15166258811950684
47.0,-0.14210355281829834,-0.08187380654319297,-0.23829992140584388,0.0,-0.14210355281829834,-0.025820557338496048,-0.25418658283290013,0.0,-0.14737452566623688,0.12879151105880737,5.108630674556848e-131,-0.25418658283290013,0.0,-0.16101668775081635,0.13651025295257568
48.0,-0.14241182804107666,-0.12517477995725115,-0.23862413898598792,0.0,-0.14241182804107666,-0.02844587576632597,-0.25418658283290013,0.0,-0.15720900893211365,-0.15446116030216217,2.1552826143296387e-130,-0.25418658283290013,0.0,-0.16342639923095703,0.118013896048069
49.0,-0.14253032207489014,-0.5974740945172412,-0.23893538786292617,0.0,-0.14253032207489014,-0.02542783483862877,-0.25418658283290013,0.0,-0.14833693206310272,0.12245617061853409,6.426142277456759e-136,-0.25418658283290013,0.0,-0.14809370040893555,-0.11594635248184204
50.0,-0.14259447157382965,-0.6394329930855283,-0.2392344309015531,0.0,-0.14259447157382965,-0.022298775905487584,-0.25418658283290013,0.0,-0.1458016335964203,0.13415417075157166,1.9750581466992594e-135,-0.25418658283290013,0.0,-0.15763545036315918,-0.1361546516418457
51.0,-0.1429366171360016,-0.6819326744161369,-0.23952197228484826,0.0,-0.1429366171360016,-0.024523705673905518,-0.25418658283290013,0.0,-0.1603858470916748,-0.13799512386322021,1.0895026240294923e-134,-0.25418658283290013,0.0,-0.16588333249092102,-0.15790295600891113
52.0,-0.14332781732082367,-0.6594079945078659,-0.23979866304990585,0.0,-0.14332781732082367,-0.026679264908691623,-0.25418658283290013,0.0,-0.16367055475711823,-0.13876834511756897,7.3999677987043035e-140,-0.25418658283290013,0.0,-0.1650414615869522,-0.1518179476261139
53.0,-0.1438295990228653,-0.09485113664688066,-0.24006510600885023,0.0,-0.1438295990228653,-0.024035868407399567,-0.25418658283290013,0.0,-0.17042365670204163,0.1160641461610794,4.835496719554924e-145,-0.25418658283290013,0.0,-0.15161794424057007,0.1294611692428589
54.0,-0.1438949704170227,-0.6244930334366281,-0.24032186013292386,0.0,-0.1438949704170227,-0.02116174494678324,-0.25418658283290013,0.0,-0.14742504060268402,0.1340409219264984,1.0796167022582701e-144,-0.25418658283290013,0.0,-0.1583651751279831,-0.14639364182949066
55.0,-0.14404162764549255,-0.6048190753974045,-0.24056944446685194,0.0,-0.14404162764549255,-0.01831913140735456,-0.25418658283290013,0.0,-0.15210764110088348,0.13802461326122284,5.921869358990853e-144,-0.25418658283290013,0.0,-0.14581426978111267,-0.14703984558582306
56.0,-0.14431709051132202,-0.5411287727989922,-0.24080834163116857,0.0,-0.14431709051132202,-0.015937868963208115,-0.25418658283290013,0.0,-0.15974369645118713,0.11741282790899277,3.964174906440401e-143,-0.25418658283290013,0.0,-0.14179477095603943,-0.11876250803470612
57.0,-0.14464503526687622,-0.623519074537867,-0.24103900096223294,0.0,-0.14464503526687622,-0.017814498908560853,-0.25418658283290013,0.0,-0.16333727538585663,-0.12478240579366684,9.468203024650622e-143,-0.25418658283290013,0.0,-0.16424426436424255,-0.15601320564746857
58.0,-0.14486072957515717,-0.1157298681973627,-0.24126184133292222,0.0,-0.14486072957515717,-0.020233222614910642,-0.25418658283290013,0.0,-0.15737168490886688,-0.16051919758319855,1.2450294907187282e-147,-0.25418658283290013,0.0,-0.16085274517536163,0.12558647990226746
59.0,-0.14503982663154602,-0.5835397528997581,-0.2414772536912552,0.0,-0.14503982663154602,-0.017647447312871614,-0.25418658283290013,0.0,-0.15560665726661682,0.13491329550743103,2.7420611873834363e-153,-0.25418658283290013,0.0,-0.15504327416419983,-0.14709289371967316
60.0,-0.14506784081459045,-0.09874389978997233,-0.24168560334931496,0.0,-0.14506784081459045,-0.01964852812348819,-0.25418658283290013,0.0,-0.14674855768680573,-0.1397133767604828,1.5711213155267175e-152,-0.25418658283290013,0.0,-0.16577140986919403,0.13929566740989685
61.0,-0.14513105154037476,-0.5650223311916869,-0.24188723205066312,0.0,-0.14513105154037476,-0.02179263544178778,-0.25418658283290013,0.0,-0.14898645877838135,-0.15258318185806274,9.792642105135232e-158,-0.25418658283290013,0.0,-0.16014835238456726,-0.14125332236289978
62.0,-0.1452849954366684,-0.6096797646185803,-0.24208245984085736,0.0,-0.1452849954366684,-0.023756201659876203,-0.25418658283290013,0.0,-0.1548301875591278,-0.14549730718135834,3.207198036563447e-163,-0.25418658283290013,0.0,-0.1566317081451416,-0.17431311309337616
63.0,-0.14510008692741394,-0.0974974747086654,-0.24227158676260796,0.0,-0.14510008692741394,-0.02579404355492443,-0.25418658283290013,0.0,-0.13345029950141907,-0.15417808294296265,1.4969920219308847e-168,-0.25418658283290013,0.0,-0.14007973670959473,0.126192107796669
64.0,-0.1451617330312729,-0.5539868856036116,-0.2424548943944586,0.0,-0.1451617330312729,-0.027813254984525533,-0.25418658283290013,0.0,-0.14910665154457092,-0.15704278647899628,4.52702136031114e-174,-0.25418658283290013,0.0,-0.16750915348529816,-0.14143463969230652
65.0,-0.1451483964920044,-0.5206892785296602,-0.24263264724958652,0.0,-0.1451483964920044,-0.029292378123059418,-0.25418658283290013,0.0,-0.14428098499774933,-0.12543538212776184,1.1863131777349348e-179,-0.25418658283290013,0.0,-0.13737502694129944,-0.14314237236976624
66.0,-0.1449032872915268,-0.5303181975273437,-0.2428050940493375,0.0,-0.1449032872915268,-0.03112768604239421,-0.25418658283290013,0.0,-0.12872573733329773,-0.1522580087184906,1.5098445318259147e-184,-0.25418658283290013,0.0,-0.14904062449932098,-0.14551487565040588
67.0,-0.14507241547107697,-0.10776399816005106,-0.2429724688843899,0.0,-0.14507241547107697,-0.03249474877820296,-0.25418658283290013,0.0,-0.15640483796596527,-0.12408795207738876,5.025961648694659e-190,-0.25418658283290013,0.0,-0.1431790292263031,0.12314505875110626
68.0,-0.14506442844867706,-0.5221037285193977,-0.24313499227494803,0.0,-0.14506442844867706,-0.034160996044891465,-0.25418658283290013,0.0,-0.14452117681503296,-0.1474658101797104,6.842441891535772e-195,-0.25418658283290013,0.0,-0.15989837050437927,-0.14019596576690674
69.0,-0.14540164172649384,-0.12193059677469292,-0.24329287214006165,0.0,-0.14540164172649384,-0.031741850078105927,-0.25418658283290013,0.0,-0.1686694175004959,0.13517922163009644,2.8944051807978595e-200,-0.25418658283290013,0.0,-0.14722582697868347,0.11701760441064835
70.0,-0.1455388069152832,-0.5060693942770795,-0.2434463046850312,0.0,-0.1455388069152832,-0.029229001679890593,-0.25418658283290013,0.0,-0.15514075756072998,0.1466703861951828,1.6806079687426763e-199,-0.25418658283290013,0.0,-0.14369939267635345,-0.14727051556110382
71.0,-0.1456833928823471,-0.47467457717467765,-0.24359547521486263,0.0,-0.1456833928823471,-0.02699421967069308,-0.25418658283290013,0.0,-0.15594880282878876,0.13167530298233032,1.7334087244902453e-198,-0.25418658283290013,0.0,-0.1385783851146698,-0.1325722187757492
72.0,-0.14577628672122955,-0.11327141461771423,-0.24374055888086316,0.0,-0.14577628672122955,-0.024836120336023094,-0.25418658283290013,0.0,-0.15246501564979553,0.13054703176021576,8.447368561148018e-198,-0.25418658283290013,0.0,-0.16428247094154358,0.1357889473438263
73.0,-0.14593879878520966,-0.4958474287486809,-0.2438817213667015,0.0,-0.14593879878520966,-0.02319639447975803,-0.25418658283290013,0.0,-0.15780134499073029,0.0965035930275917,3.8908260022710876e-197,-0.25418658283290013,0.0,-0.14543142914772034,-0.14921684563159943
74.0,-0.14603008329868317,-0.4786687113646675,-0.24401911951958416,0.0,-0.14603008329868317,-0.02110357811053594,-0.25418658283290013,0.0,-0.15278542041778564,0.1337648332118988,3.2667680308676937e-197,-0.25418658283290013,0.0,-0.14233005046844482,-0.14243750274181366
75.0,-0.14622615277767181,-0.49015347107898316,-0.24415290193160147,0.0,-0.14622615277767181,-0.022908695924438928,-0.25418658283290013,0.0,-0.16093192994594574,-0.15829253196716309,1.76730836954921e-196,-0.25418658283290013,0.0,-0.15165026485919952,-0.14725103974342346
76.0,-0.14618739485740662,-0.48951598692917103,-0.2442832094757742,0.0,-0.14618739485740662,-0.0207210203463381,-0.25418658283290013,0.0,-0.14324189722537994,0.14554232358932495,4.350721326734728e-202,-0.25418658283290013,0.0,-0.15281608700752258,-0.14916983246803284
77.0,-0.1461688131093979,-0.4794166179279118,-0.24441017580086558,0.0,-0.1461688131093979,-0.022313209966971323,-0.25418658283290013,0.0,-0.14473764598369598,-0.14491181075572968,4.241312359333974e-201,-0.25418658283290013,0.0,-0.15704725682735443,-0.14166297018527985
78.0,-0.14643147587776184,-0.5121600265898933,-0.24453392778861285,0.0,-0.14643147587776184,-0.0201443968505799,-0.25418658283290013,0.0,-0.16692009568214417,0.14902302622795105,2.0384865948074287e-206,-0.25418658283290013,0.0,-0.16874220967292786,-0.1607424020767212
79.0,-0.1463344842195511,-0.15623527769872686,-0.24465458597666637,0.0,-0.1463344842195511,-0.018013789597898722,-0.25418658283290013,0.0,-0.13867118954658508,0.1503041833639145,2.364990217687357e-205,-0.25418658283290013,0.0,-0.17570576071739197,0.11497022956609726
80.0,-0.14643503725528717,-0.12529719900558237,-0.24477226495020013,0.0,-0.14643503725528717,-0.016263947166778422,-0.25418658283290013,0.0,-0.15447987616062164,0.12372344732284546,2.9253026951548982e-204,-0.25418658283290013,0.0,-0.1519252210855484,0.12072934955358505
81.0,-0.14683124423027039,-0.4437723444390678,-0.2448870737048672,0.0,-0.14683124423027039,-0.014391608263661222,-0.25418658283290013,0.0,-0.1789240539073944,0.1372678428888321,9.5789724565267e-204,-0.25418658283290013,0.0,-0.15001556277275085,-0.13150666654109955
82.0,-0.14660069346427917,-0.4613151729560926,-0.2449991159835182,0.0,-0.14660069346427917,-0.012627000280891556,-0.25418658283290013,0.0,-0.12769518792629242,0.132070854306221,6.174188015748627e-203,-0.25418658283290013,0.0,-0.1528637707233429,-0.146051824092865
83.0,-0.14674176275730133,-0.4673775557208549,-0.245108490588868,0.0,-0.14674176275730133,-0.014263778836244629,-0.25418658283290013,0.0,-0.1584511548280716,-0.15011639893054962,3.068948518330732e-202,-0.25418658283290013,0.0,-0.15064121782779694,-0.1557048261165619
84.0,-0.14683125913143158,-0.16327392427660845,-0.24521529167409192,0.0,-0.14683125913143158,-0.012504802994868334,-0.25418658283290013,0.0,-0.15434832870960236,0.13524916768074036,1.137053786413378e-207,-0.25418658283290013,0.0,-0.17855241894721985,0.11248134076595306
85.0,-0.1467055231332779,-0.09688650903176099,-0.24531960901314784,0.0,-0.1467055231332779,-0.014117230596237405,-0.25418658283290013,0.0,-0.13601744174957275,-0.15117357671260834,6.625321528107891e-207,-0.25418658283290013,0.0,-0.14173996448516846,0.1370728611946106
86.0,-0.14688053727149963,-0.4632097215685609,-0.24542152825245533,0.0,-0.14688053727149963,-0.01576038021808383,-0.25418658283290013,0.0,-0.1619320660829544,-0.15707124769687653,2.3283166358396608e-212,-0.25418658283290013,0.0,-0.1592119038105011,-0.15418590605258942
87.0,-0.14694534242153168,-0.4513812720822688,-0.24552113114541488,0.0,-0.14694534242153168,-0.01747028453444893,-0.25418658283290013,0.0,-0.152583047747612,-0.16623196005821228,6.092714454792129e-218,-0.25418658283290013,0.0,-0.1528291255235672,-0.1525018811225891
88.0,-0.14682908356189728,-0.12659272935121801,-0.24561849577111697,0.0,-0.14682908356189728,-0.016003191219956688,-0.25418658283290013,0.0,-0.13659903407096863,0.11310102045536041,1.0084567255348806e-223,-0.25418658283290013,0.0,-0.15192744135856628,0.1216704398393631
89.0,-0.14680010080337524,-0.42890146254612177,-0.24571369673847013,0.0,-0.14680010080337524,-0.014330311367909113,-0.25418658283290013,0.0,-0.14422063529491425,0.13455599546432495,1.941521978559701e-223,-0.25418658283290013,0.0,-0.14022642374038696,-0.14969709515571594
90.0,-0.14674702286720276,-0.4498554080166746,-0.24580680537687044,0.0,-0.14674702286720276,-0.015510958138403001,-0.25418658283290013,0.0,-0.1419709175825119,-0.12176916748285294,1.0927384343821162e-222,-0.25418658283290013,0.0,-0.14936816692352295,-0.1628023087978363
91.0,-0.14700761437416077,-0.4624586575415278,-0.245897889914436,0.0,-0.14700761437416077,-0.01709922192537266,-0.25418658283290013,0.0,-0.17072232067584991,-0.16163122653961182,1.6705517508238662e-227,-0.25418658283290013,0.0,-0.15364466607570648,-0.17305274307727814
92.0,-0.14711129665374756,-0.42152328205841894,-0.24598701564474207,0.0,-0.14711129665374756,-0.018502499948265732,-0.25418658283290013,0.0,-0.15664975345134735,-0.1476040780544281,3.4802467364807435e-233,-0.25418658283290013,0.0,-0.1478899121284485,-0.14457595348358154
93.0,-0.14713841676712036,-0.09833538902408281,-0.24607424508291398,0.0,-0.14713841676712036,-0.01692333960152687,-0.25418658283290013,0.0,-0.14966101944446564,0.12993857264518738,1.4620283535453454e-238,-0.25418658283290013,0.0,-0.14142772555351257,0.13893046975135803
94.0,-0.1472102254629135,-0.4644364112515515,-0.2461596381118612,0.0,-0.1472102254629135,-0.018253443115635922,-0.25418658283290013,0.0,-0.15395894646644592,-0.1432831734418869,6.532262669807504e-238,-0.25418658283290013,0.0,-0.19703739881515503,-0.1441434919834137
95.0,-0.147343710064888,-0.09466110581864359,-0.24624325211937195,0.0,-0.147343710064888,-0.01961892827724417,-0.25418658283290013,0.0,-0.16002458333969116,-0.14934001863002777,3.4059373223570576e-243,-0.25418658283290013,0.0,-0.1472303420305252,0.14850255846977234
96.0,-0.14746631681919098,-0.4139665110108201,-0.24632514212672793,0.0,-0.14746631681919098,-0.020932504196756893,-0.25418658283290013,0.0,-0.15923558175563812,-0.14703579246997833,1.311858341681836e-248,-0.25418658283290013,0.0,-0.1499299556016922,-0.1461486965417862
97.0,-0.1472759246826172,-0.14616633209087052,-0.24640536090944398,0.0,-0.1472759246826172,-0.019312749407729323,-0.25418658283290013,0.0,-0.12880785763263702,0.13780346512794495,5.669866927450797e-254,-0.25418658283290013,0.0,-0.159223735332489,0.11229828745126724
98.0,-0.14728528261184692,-0.4097192646412384,-0.24648395911069101,0.0,-0.14728528261184692,-0.020377134509158856,-0.25418658283290013,0.0,-0.1482028067111969,-0.12468687444925308,3.753744260395438e-253,-0.25418658283290013,0.0,-0.14732737839221954,-0.14965906739234924
99.0,-0.14740879833698273,-0.12429204820473139,-0.24656098534791313,0.0,-0.14740879833698273,-0.021626085266470908,-0.25418658283290013,0.0,-0.15963605046272278,-0.14527221024036407,4.959651884958538e-258,-0.25418658283290013,0.0,-0.14641253650188446,0.1212596669793129
100.0,-0.14763347804546356,-0.1146532089488217,-0.24663648631311103,0.0,-0.14763347804546356,-0.022604241672128735,-0.25418658283290013,0.0,-0.17010074853897095,-0.12041988223791122,2.3411693031049375e-263,-0.25418658283290013,0.0,-0.14789819717407227,0.13227076828479767
101.0,-0.14789962768554688,-0.12370229193477085,-0.2467105068672266,0.0,-0.14789962768554688,-0.023754903644907708,-0.25418658283290013,0.0,-0.17478075623512268,-0.1399717628955841,3.8289164801636156e-268,-0.25418658283290013,0.0,-0.1459132879972458,0.12177358567714691
102.0,-0.1478605717420578,-0.4305059510071105,-0.24678309012902927,0.0,-0.1478605717420578,-0.022245893200624336,-0.25418658283290013,0.0,-0.14387734234333038,0.1316731721162796,2.3558914243995204e-273,-0.25418658283290013,0.0,-0.17985491454601288,-0.1481238305568695
103.0,-0.1480558067560196,-0.40448428327211283,-0.24685427755887412,0.0,-0.1480558067560196,-0.023157593292685654,-0.25418658283290013,0.0,-0.1681666076183319,-0.11706270277500153,1.1479671618491947e-272,-0.25418658283290013,0.0,-0.14812739193439484,-0.1562359631061554
104.0,-0.14808158576488495,-0.3956457377943121,-0.24692410903767437,0.0,-0.14808158576488495,-0.02165071666240692,-0.25418658283290013,0.0,-0.15076276659965515,0.13506445288658142,2.2206124118771952e-277,-0.25418658283290013,0.0,-0.14647039771080017,-0.15145258605480194
105.0,-0.1481337696313858,-0.41681386335465975,-0.24699262294140292,0.0,-0.1481337696313858,-0.020267110388233978,-0.25418658283290013,0.0,-0.1536129266023636,0.12501154839992523,1.2819989896356507e-276,-0.25418658283290013,0.0,-0.16453054547309875,-0.15701362490653992
106.0,-0.14824554324150085,-0.38505607210240145,-0.24705985621141693,0.0,-0.14824554324150085,-0.018817784630249593,-0.25418658283290013,0.0,-0.16009306907653809,0.13481074571609497,4.4772006238787755e-276,-0.25418658283290013,0.0,-0.15082105994224548,-0.1408781111240387
107.0,-0.14828062057495117,-0.3952208008277086,-0.2471258444208751,0.0,-0.14828062057495117,-0.02004200965166092,-0.25418658283290013,0.0,-0.15203306078910828,-0.15103408694267273,2.5521858375539858e-275,-0.25418658283290013,0.0,-0.15591706335544586,-0.1483905017375946
108.0,-0.14844940602779388,-0.3805195897611582,-0.2471906218374992,0.0,-0.14844940602779388,-0.02119754323171913,-0.25418658283290013,0.0,-0.16667720675468445,-0.14599516987800598,9.031842548076185e-281,-0.25418658283290013,0.0,-0.14384734630584717,-0.1479337066411972
109.0,-0.14843985438346863,-0.11288298125645796,-0.24725422148291193,0.0,-0.14843985438346863,-0.019729011167179455,-0.25418658283290013,0.0,-0.14739948511123657,0.14034098386764526,4.112056897879081e-286,-0.25418658283290013,0.0,-0.15125901997089386,0.14057089388370514
110.0,-0.14846821129322052,-0.400485604436861,-0.24731667518876768,0.0,-0.14846821129322052,-0.02078183921607765,-0.25418658283290013,0.0,-0.15158580243587494,-0.13659292459487915,3.090668669755765e-285,-0.25418658283290013,0.0,-0.15794406831264496,-0.15874433517456055
111.0,-0.14839975535869598,-0.39084494384102053,-0.24737801364987597,0.0,-0.14839975535869598,-0.019470401906541417,-0.25418658283290013,0.0,-0.14080435037612915,0.1260991394519806,2.251657700458729e-290,-0.25418658283290013,0.0,-0.16500911116600037,-0.14309309422969818
112.0,-0.14836134016513824,-0.38725636330551844,-0.2474382664745045,0.0,-0.14836134016513824,-0.02057504983602372,-0.25418658283290013,0.0,-0.1440581977367401,-0.1442956179380417,8.303056278120739e-290,-0.25418658283290013,0.0,-0.15585514903068542,-0.15130771696567535
113.0,-0.14833302795886993,-0.3792000624915737,-0.24749746223203428,0.0,-0.14833302795886993,-0.021803482451982666,-0.25418658283290013,0.0,-0.14513429999351501,-0.16061636805534363,4.1155325452602115e-295,-0.25418658283290013,0.0,-0.15686798095703125,-0.14359520375728607
114.0,-0.14846494793891907,-0.37343419091492847,-0.2475556284981288,0.0,-0.14846494793891907,-0.02296792022559954,-0.25418658283290013,0.0,-0.1635032445192337,-0.15571382641792297,9.020144884861354e-301,-0.25418658283290013,0.0,-0.15941426157951355,-0.13654501736164093
115.0,-0.1485423743724823,-0.38478208393711294,-0.24761279189756646,0.0,-0.1485423743724823,-0.02398096885660599,-0.25418658283290013,0.0,-0.15744668245315552,-0.14048156142234802,2.526145291399184e-306,-0.25418658283290013,0.0,-0.1730203628540039,-0.13608434796333313
116.0,-0.148485004901886,-0.11020485898470495,-0.24766897814487704,0.0,-0.148485004901886,-0.022646798537327692,-0.25418658283290013,0.0,-0.14183104038238525,0.13211695849895477,1.5151916528487e-311,-0.25418658283290013,0.0,-0.15301567316055298,0.14813944697380066
117.0,-0.14836418628692627,-0.3928798206272117,-0.24772421208291112,0.0,-0.14836418628692627,-0.023747289458573875,-0.25418658283290013,0.0,-0.13422755897045135,-0.15250472724437714,7.5488094300273e-311,-0.25418658283290013,0.0,-0.17311608791351318,-0.14922969043254852
118.0,-0.1484384387731552,-0.39682266251222287,-0.24777851771946566,0.0,-0.1484384387731552,-0.02488175335050631,-0.25418658283290013,0.0,-0.15720228850841522,-0.15874849259853363,2.4820351e-316,-0.25418658283290013,0.0,-0.1798059493303299,-0.14820006489753723
119.0,-0.14843854308128357,-0.3615470786317171,-0.24783191826207757,0.0,-0.14843854308128357,-0.023658186321457227,-0.25418658283290013,0.0,-0.1484500616788864,0.1219462901353836,5.93e-322,-0.25418658283290013,0.0,-0.13933296501636505,-0.15627995133399963
120.0,-0.1486465334892273,-0.13199100996444757,-0.24788443615109262,0.0,-0.1486465334892273,-0.02472440824528371,-0.25418658283290013,0.0,-0.1736055612564087,-0.15267103910446167,1.78e-321,-0.25418658283290013,0.0,-0.15845157206058502,0.13077132403850555
121.0,-0.14882129430770874,-0.36470443433009214,-0.24793609309110745,0.0,-0.14882129430770874,-0.02558881520736413,-0.25418658283290013,0.0,-0.169967383146286,-0.13018205761909485,0.0,-0.25418658283290013,0.0,-0.18001040816307068,-0.11655809730291367
122.0,-0.1487988382577896,-0.3464278150976299,-0.24798691008087814,0.0,-0.1487988382577896,-0.02427936726953925,-0.25418658283290013,0.0,-0.14605964720249176,0.13547328114509583,0.0,-0.25418658283290013,0.0,-0.1530808061361313,-0.12856215238571167
123.0,-0.14889249205589294,-0.3685200508294513,-0.24803690744178153,0.0,-0.14889249205589294,-0.025459856035247926,-0.25418658283290013,0.0,-0.16041187942028046,-0.17065997421741486,0.0,-0.25418658283290013,0.0,-0.16644680500030518,-0.14081983268260956
124.0,-0.14892727136611938,-0.3702120168999147,-0.2480861048449105,0.0,-0.14892727136611938,-0.026468730688095094,-0.25418658283290013,0.0,-0.15323932468891144,-0.1515691876411438,0.0,-0.25418658283290013,0.0,-0.16641497611999512,-0.1448328197002411
125.0,-0.14902669191360474,-0.3367442451618633,-0.24813452133687866,0.0,-0.14902669191360474,-0.027279805569421677,-0.25418658283290013,0.0,-0.16145244240760803,-0.12866416573524475,0.0,-0.25418658283290013,0.0,-0.1413542926311493,-0.13661077618598938
126.0,-0.1489652395248413,-0.1224370974133693,-0.2481821753644064,0.0,-0.1489652395248413,-0.028025085414488483,-0.25418658283290013,0.0,-0.14122170209884644,-0.12193034589290619,0.0,-0.25418658283290013,0.0,-0.14733745157718658,0.13039281964302063
127.0,-0.14907719194889069,-0.3349232624570956,-0.24822908479775396,0.0,-0.14907719194889069,-0.026766398921608925,-0.25418658283290013,0.0,-0.16329604387283325,0.13308678567409515,0.0,-0.25418658283290013,0.0,-0.15222856402397156,-0.12474894523620605
128.0,-0.14915771782398224,-0.3701838273140794,-0.2482752669530653,0.0,-0.14915771782398224,-0.027670477711877157,-0.25418658283290013,0.0,-0.15946602821350098,-0.14339256286621094,0.0,-0.25418658283290013,0.0,-0.16280445456504822,-0.1571088433265686
129.0,-0.14915239810943604,-0.3491178296755775,-0.2483207386136794,0.0,-0.14915239810943604,-0.026453510843790495,-0.25418658283290013,0.0,-0.14846618473529816,0.13053521513938904,0.0,-0.25418658283290013,0.0,-0.16396673023700714,-0.1313297003507614
130.0,-0.14928805828094482,-0.12737902855032504,-0.24836551605046736,0.0,-0.14928805828094482,-0.027444252531037074,-0.25418658283290013,0.0,-0.16692474484443665,-0.15624067187309265,0.0,-0.25418658283290013,0.0,-0.1494102030992508,0.12773771584033966
131.0,-0.14939077198505402,-0.3462405736403502,-0.24840961504124337,0.0,-0.14939077198505402,-0.028354098399480183,-0.25418658283290013,0.0,-0.16284514963626862,-0.14754390716552734,0.0,-0.25418658283290013,0.0,-0.15198540687561035,-0.146438330411911
132.0,-0.1493261456489563,-0.11170782071447596,-0.24845305088930095,0.0,-0.1493261456489563,-0.029327382942787687,-0.25418658283290013,0.0,-0.1407952755689621,-0.15780094265937805,0.0,-0.25418658283290013,0.0,-0.14516104757785797,0.14276134967803955
133.0,-0.149438738822937,-0.34249967705030404,-0.24849583844111886,0.0,-0.149438738822937,-0.028088188104665103,-0.25418658283290013,0.0,-0.16441358625888824,0.13672472536563873,0.0,-0.25418658283290013,0.0,-0.1512545943260193,-0.1462956964969635
134.0,-0.1494995653629303,-0.3481407566871151,-0.2485379921032802,0.0,-0.1494995653629303,-0.028960836044064273,-0.25418658283290013,0.0,-0.15765026211738586,-0.14589565992355347,0.0,-0.25418658283290013,0.0,-0.15921704471111298,-0.14512182772159576
135.0,-0.14952386915683746,-0.12020416103041594,-0.24857952585864496,0.0,-0.14952386915683746,-0.027745729531435406,-0.25418658283290013,0.0,-0.15280607342720032,0.13629364967346191,0.0,-0.25418658283290013,0.0,-0.15129414200782776,0.14063695073127747
136.0,-0.14953407645225525,-0.12515280328876316,-0.2486204532818147,0.0,-0.14953407645225525,-0.02882024036706799,-0.25418658283290013,0.0,-0.1509200781583786,-0.17495371401309967,0.0,-0.25418658283290013,0.0,-0.14690323173999786,0.12863849103450775
137.0,-0.14956550300121307,-0.32340609897707806,-0.24866078755392404,0.0,-0.14956550300121307,-0.02974249573721402,-0.25418658283290013,0.0,-0.15387248992919922,-0.15609148144721985,0.0,-0.25418658283290013,0.0,-0.13757550716400146,-0.14646658301353455
138.0,-0.1496109515428543,-0.3404738743993303,-0.24870054147679435,0.0,-0.1496109515428543,-0.030604198682222434,-0.25418658283290013,0.0,-0.1558825522661209,-0.1495192050933838,0.0,-0.25418658283290013,0.0,-0.15709589421749115,-0.14497610926628113
139.0,-0.14961187541484833,-0.13939360463019956,-0.24873972748648085,0.0,-0.14961187541484833,-0.031409423585448945,-0.25418658283290013,0.0,-0.1497391164302826,-0.14333568513393402,0.0,-0.25418658283290013,0.0,-0.16163726150989532,0.12992925941944122
140.0,-0.14954648911952972,-0.1507469232551451,-0.24877835766624268,0.0,-0.14954648911952972,-0.03223206853190212,-0.25418658283290013,0.0,-0.14039425551891327,-0.14740236103534698,0.0,-0.25418658283290013,0.0,-0.16410617530345917,0.1181035190820694
141.0,-0.14959405362606049,-0.334740124957058,-0.24881644375896564,0.0,-0.14959405362606049,-0.03298806829351775,-0.25418658283290013,0.0,-0.15630094707012177,-0.1395840346813202,0.0,-0.25418658283290013,0.0,-0.15549986064434052,-0.14461645483970642
142.0,-0.1496286690235138,-0.30432822949151195,-0.24885399717906306,0.0,-0.1496286690235138,-0.033823877573013306,-0.25418658283290013,0.0,-0.1545443832874298,-0.15250879526138306,0.0,-0.25418658283290013,0.0,-0.1425282061100006,-0.12237008661031723
143.0,-0.1496475785970688,-0.32581004584685774,-0.24889102902388138,0.0,-0.1496475785970688,-0.03465103409770462,-0.25418658283290013,0.0,-0.15235044062137604,-0.15293441712856293,0.0,-0.25418658283290013,0.0,-0.15111204981803894,-0.14177542924880981
144.0,-0.14971336722373962,-0.3211776315170437,-0.24892755008463324,0.0,-0.14971336722373962,-0.033557577585351876,-0.25418658283290013,0.0,-0.15918520092964172,0.1239001601934433,0.0,-0.25418658283290013,0.0,-0.1578006148338318,-0.1276778131723404
145.0,-0.14972667396068573,-0.33285270924692983,-0.24896357085688167,0.0,-0.14972667396068573,-0.03437248392872615,-0.25418658283290013,0.0,-0.15165627002716064,-0.1525339037179947,0.0,-0.25418658283290013,0.0,-0.15931832790374756,-0.1435006558895111
146.0,-0.14983846247196198,-0.34125014225079453,-0.24899910155059607,0.0,-0.14983846247196198,-0.03323286214247853,-0.25418658283290013,0.0,-0.16616085171699524,0.13315191864967346,0.0,-0.25418658283290013,0.0,-0.1474597156047821,-0.17378610372543335
147.0,-0.14997202157974243,-0.33035536520840614,-0.24903415209980084,0.0,-0.14997202157974243,-0.0339197338231512,-0.25418658283290013,0.0,-0.16960521042346954,-0.1348898708820343,0.0,-0.25418658283290013,0.0,-0.15422746539115906,-0.1505253165960312
148.0,-0.15003350377082825,-0.3283439132775688,-0.24906873217183506,0.0,-0.15003350377082825,-0.032818981665092825,-0.25418658283290013,0.0,-0.15913201868534088,0.1300923377275467,0.0,-0.25418658283290013,0.0,-0.14359603822231293,-0.16456200182437897
149.0,-0.15014366805553436,-0.3142979324177758,-0.24910285117624217,0.0,-0.15014366805553436,-0.03343302771449089,-0.25418658283290013,0.0,-0.16655759513378143,-0.1249258890748024,0.0,-0.25418658283290013,0.0,-0.1391669064760208,-0.15247367322444916
150.0,-0.15018220245838165,-0.32441241823542954,-0.24913651827330613,0.0,-0.15018220245838165,-0.03398070553478026,-0.25418658283290013,0.0,-0.15596500039100647,-0.11613237857818604,0.0,-0.25418658283290013,0.0,-0.15808308124542236,-0.14138348400592804
151.0,-0.15005101263523102,-0.32013932929411415,-0.24916974238225076,0.0,-0.15005101263523102,-0.03286538189767223,-0.25418658283290013,0.0,-0.13023917376995087,0.13554848730564117,0.0,-0.25418658283290013,0.0,-0.1572819948196411,-0.13790997862815857
152.0,-0.14999477565288544,-0.16254781233921997,-0.24920253218911775,0.0,-0.14999477565288544,-0.03362604104031145,-0.25418658283290013,0.0,-0.14144617319107056,-0.1492462307214737,0.0,-0.25418658283290013,0.0,-0.15466059744358063,0.0884021669626236
153.0,-0.14997746050357819,-0.31923602790751593,-0.2492348961543371,0.0,-0.14997746050357819,-0.03255547500856511,-0.25418658283290013,0.0,-0.14732961356639862,0.13124112784862518,0.0,-0.25418658283290013,0.0,-0.15213778614997864,-0.14731721580028534
154.0,-0.15006418526172638,-0.3232131049350372,-0.24926684252000528,0.0,-0.15006418526172638,-0.03311377917566607,-0.25418658283290013,0.0,-0.16341960430145264,-0.11909262090921402,0.0,-0.25418658283290013,0.0,-0.1541363149881363,-0.15187057852745056
155.0,-0.15007029473781586,-0.31613779721909724,-0.2492983793168828,0.0,-0.15007029473781586,-0.03198944614865841,-0.25418658283290013,0.0,-0.15101496875286102,0.142282173037529,0.0,-0.25418658283290013,0.0,-0.15212169289588928,-0.14590810239315033
156.0,-0.15003803372383118,-0.32889119790551297,-0.24932951437112497,0.0,-0.15003803372383118,-0.032619948504836696,-0.25418658283290013,0.0,-0.14500699937343597,-0.1309783160686493,0.0,-0.25418658283290013,0.0,-0.1647994965314865,-0.1475985050201416
157.0,-0.15000246465206146,-0.32776650250863204,-0.24936025531075645,0.0,-0.15000246465206146,-0.03328302955325646,-0.25418658283290013,0.0,-0.14441756904125214,-0.137386754155159,0.0,-0.25418658283290013,0.0,-0.1752479523420334,-0.13160157203674316
158.0,-0.1501232087612152,-0.30353543448926135,-0.249390609571902,0.0,-0.1501232087612152,-0.03216101669665403,-0.25418658283290013,0.0,-0.16920311748981476,0.14511701464653015,0.0,-0.25418658283290013,0.0,-0.15695838630199432,-0.12398804724216461
159.0,-0.15020395815372467,-0.31510292210761603,-0.24942058440478326,0.0,-0.15020395815372467,-0.03115682303905487,-0.25418658283290013,0.0,-0.16304197907447815,0.12850996851921082,0.0,-0.25418658283290013,0.0,-0.1549118310213089,-0.1463315784931183
160.0,-0.1501329392194748,-0.2950250550014833,-0.24945018687949205,0.0,-0.1501329392194748,-0.03185322436486712,-0.25418658283290013,0.0,-0.1387709081172943,-0.14327743649482727,0.0,-0.25418658283290013,0.0,-0.15298166871070862,-0.11979036033153534
161.0,-0.15012867748737335,-0.30782589074258654,-0.24947942389155014,0.0,-0.15012867748737335,-0.0325820901327663,-0.25418658283290013,0.0,-0.1494414508342743,-0.149929478764534,0.0,-0.25418658283290013,0.0,-0.15769062936306,-0.13375422358512878
162.0,-0.15019722282886505,-0.11646280080514085,-0.24950830216726394,0.0,-0.15019722282886505,-0.03165396993145621,-0.25418658283290013,0.0,-0.16130271553993225,0.1187015026807785,0.0,-0.25418658283290013,0.0,-0.14218567311763763,0.14029663801193237
163.0,-0.15021319687366486,-0.2998941992903602,-0.24953682826888368,0.0,-0.15021319687366486,-0.030702073172461694,-0.25418658283290013,0.0,-0.15281596779823303,0.12445709854364395,0.0,-0.25418658283290013,0.0,-0.15456347167491913,-0.12906727194786072
164.0,-0.15022970736026764,-0.3134517204108732,-0.2495650085995747,0.0,-0.15022970736026764,-0.0296760898196336,-0.25418658283290013,0.0,-0.1529376059770584,0.1385851800441742,0.0,-0.25418658283290013,0.0,-0.16046740114688873,-0.14260101318359375
165.0,-0.15023204684257507,-0.3096333506109051,-0.2495928494082092,0.0,-0.15023204684257507,-0.028747097241232193,-0.25418658283290013,0.0,-0.15061834454536438,0.1245366781949997,0.0,-0.25418658283290013,0.0,-0.15828964114189148,-0.14145389199256897
166.0,-0.15020166337490082,-0.3038865149088964,-0.24962035679398578,0.0,-0.15020166337490082,-0.029449099418288934,-0.25418658283290013,0.0,-0.14515677094459534,-0.14598146080970764,0.0,-0.25418658283290013,0.0,-0.14770369231700897,-0.15067526698112488
167.0,-0.15021149814128876,-0.3197297371949548,-0.249647536710884,0.0,-0.15021149814128876,-0.03013786394149065,-0.25418658283290013,0.0,-0.15185655653476715,-0.14516153931617737,0.0,-0.25418658283290013,0.0,-0.15532457828521729,-0.1654522866010666
168.0,-0.1501809060573578,-0.28252881032692734,-0.24967439497196103,0.0,-0.1501809060573578,-0.030884497749382223,-0.25418658283290013,0.0,-0.14504019916057587,-0.15631897747516632,0.0,-0.25418658283290013,0.0,-0.15931570529937744,-0.10012684762477875
169.0,-0.15018685162067413,-0.279636260876977,-0.24970093725349596,0.0,-0.15018685162067413,-0.03147819861769676,-0.25418658283290013,0.0,-0.15119163691997528,-0.131813645362854,0.0,-0.25418658283290013,0.0,-0.13350902497768402,-0.1387491524219513
170.0,-0.15017008781433105,-0.1226238998911395,-0.24972716909898957,0.0,-0.15017008781433105,-0.032178965271913516,-0.25418658283290013,0.0,-0.14732101559638977,-0.1513092964887619,0.0,-0.25418658283290013,0.0,-0.1424294263124466,0.1325494945049286
171.0,-0.1500980108976364,-0.2885947661017726,-0.24975309592302394,0.0,-0.1500980108976364,-0.031142452038651288,-0.25418658283290013,0.0,-0.13777287304401398,0.14610131084918976,0.0,-0.25418658283290013,0.0,-0.14156897366046906,-0.14304333925247192
172.0,-0.1500978022813797,-0.29293318693994785,-0.24977872301498855,0.0,-0.1500978022813797,-0.031761530377616774,-0.25418658283290013,0.0,-0.15006177127361298,-0.13824300467967987,0.0,-0.25418658283290013,0.0,-0.1525023877620697,-0.13349103927612305
173.0,-0.15012548863887787,-0.26993523414287646,-0.24980405554267768,0.0,-0.15012548863887787,-0.032532013396079515,-0.25418658283290013,0.0,-0.1549147218465805,-0.16582557559013367,0.0,-0.25418658283290013,0.0,-0.1446448415517807,-0.10952158272266388
174.0,-0.15014128386974335,-0.2918863220630479,-0.24982909855576468,0.0,-0.15014128386974335,-0.033162897782666345,-0.25418658283290013,0.0,-0.15289007127285004,-0.14293678104877472,0.0,-0.25418658283290013,0.0,-0.14893904328346252,-0.14042282104492188
175.0,-0.15025801956653595,-0.28750221645841595,-0.2498538569891575,0.0,-0.15025801956653595,-0.03385820404880426,-0.25418658283290013,0.0,-0.17068541049957275,-0.15553680062294006,0.0,-0.25418658283290013,0.0,-0.13953599333763123,-0.1502862572669983
176.0,-0.15022578835487366,-0.14438353422252614,-0.2498783356662408,0.0,-0.15022578835487366,-0.032969919806819854,-0.25418658283290013,0.0,-0.14455337822437286,0.12336810678243637,0.0,-0.25418658283290013,0.0,-0.16202066838741302,0.13000288605690002
177.0,-0.15022012591362,-0.1570833692005149,-0.24990253930200854,0.0,-0.15022012591362,-0.03348451702112562,-0.25418658283290013,0.0,-0.14921942353248596,-0.12456822395324707,0.0,-0.25418658283290013,0.0,-0.15936730802059174,0.10390720516443253
178.0,-0.15022742748260498,-0.31686579854281954,-0.24992647250609173,0.0,-0.15022742748260498,-0.034137915632578245,-0.25418658283290013,0.0,-0.15152500569820404,-0.15044286847114563,0.0,-0.25418658283290013,0.0,-0.16717468202114105,-0.15751990675926208
179.0,-0.1502135545015335,-0.12976703915730514,-0.24995013978568512,0.0,-0.1502135545015335,-0.03332181394928031,-0.25418658283290013,0.0,-0.14773258566856384,0.11276038736104965,0.0,-0.25418658283290013,0.0,-0.1482376754283905,0.13195332884788513
180.0,-0.15028895437717438,-0.150692090838276,-0.24997354554837692,0.0,-0.15028895437717438,-0.03236946171324556,-0.25418658283290013,0.0,-0.16386055946350098,0.13905394077301025,0.0,-0.25418658283290013,0.0,-0.15461336076259613,0.10682129859924316
181.0,-0.1502988189458847,-0.30609491483722884,-0.24999669410488531,0.0,-0.1502988189458847,-0.033007269008801535,-0.25418658283290013,0.0,-0.1520838439464569,-0.14845038950443268,0.0,-0.25418658283290013,0.0,-0.16051208972930908,-0.1546497642993927
182.0,-0.15032096207141876,-0.13285003465556694,-0.25001958967170507,0.0,-0.15032096207141876,-0.032118418381188084,-0.25418658283290013,0.0,-0.1543513536453247,0.12965239584445953,0.0,-0.25418658283290013,0.0,-0.15078702569007874,0.13154731690883636
183.0,-0.15037770569324493,-0.2893245361445036,-0.250042236373668,0.0,-0.15037770569324493,-0.03270097105237453,-0.25418658283290013,0.0,-0.16076171398162842,-0.1393081098794937,0.0,-0.25418658283290013,0.0,-0.1541772484779358,-0.13899394869804382
184.0,-0.15033824741840363,-0.14168053440234768,-0.2500646382464206,0.0,-0.15033824741840363,-0.031677832514853094,-0.25418658283290013,0.0,-0.14307652413845062,0.1565796583890915,0.0,-0.25418658283290013,0.0,-0.15438249707221985,0.12258417904376984
185.0,-0.15027955174446106,-0.28966666205545,-0.25008679923882104,0.0,-0.15027955174446106,-0.030810993244891526,-0.25418658283290013,0.0,-0.1394214928150177,0.12955427169799805,0.0,-0.25418658283290013,0.0,-0.1582496017217636,-0.13492348790168762
186.0,-0.15026402473449707,-0.15458784324695254,-0.25010872321525995,0.0,-0.15026402473449707,-0.031277396900449846,-0.25418658283290013,0.0,-0.14737635850906372,-0.11802847683429718,0.0,-0.25418658283290013,0.0,-0.16907255351543427,0.12603233754634857
187.0,-0.15024614334106445,-0.2912247961693223,-0.25013041395790697,0.0,-0.15024614334106445,-0.030371216581539906,-0.25418658283290013,0.0,-0.146902397274971,0.13908450305461884,0.0,-0.25418658283290013,0.0,-0.15410932898521423,-0.14774565398693085
188.0,-0.15026848018169403,-0.29426736688449406,-0.2501518751688858,0.0,-0.15026848018169403,-0.029626851674740908,-0.25418658283290013,0.0,-0.15446770191192627,0.11031375080347061,0.0,-0.25418658283290013,0.0,-0.15272735059261322,-0.15710042417049408
189.0,-0.15028116106987,-0.28663509343220234,-0.2501731104723806,0.0,-0.15028116106987,-0.030177333872569236,-0.25418658283290013,0.0,-0.15267908573150635,-0.1342184692621231,0.0,-0.25418658283290013,0.0,-0.15745359659194946,-0.1358933299779892
190.0,-0.1504005640745163,-0.2772400966043823,-0.2501941234166765,0.0,-0.1504005640745163,-0.029261091226682613,-0.25418658283290013,0.0,-0.17308832705020905,0.1448250114917755,0.0,-0.25418658283290013,0.0,-0.14449957013130188,-0.14366808533668518
191.0,-0.1504664421081543,-0.2888074431639134,-0.25021491747613606,0.0,-0.1504664421081543,-0.0298696281388402,-0.25418658283290013,0.0,-0.16304464638233185,-0.14610017836093903,0.0,-0.25418658283290013,0.0,-0.15580542385578156,-0.14542636275291443
192.0,-0.15047192573547363,-0.2904369534012393,-0.25023549605311407,0.0,-0.15047192573547363,-0.02895221222249955,-0.25418658283290013,0.0,-0.1515246331691742,0.14719164371490479,0.0,-0.25418658283290013,0.0,-0.1507992297410965,-0.15901315212249756
193.0,-0.1505371332168579,-0.14627106727872474,-0.250255862479814,0.0,-0.1505371332168579,-0.02809249617389797,-0.25418658283290013,0.0,-0.16312451660633087,0.13783270120620728,0.0,-0.25418658283290013,0.0,-0.16281567513942719,0.1308474987745285
194.0,-0.15058937668800354,-0.27711817665585214,-0.25027602002008625,0.0,-0.15058937668800354,-0.027300379826472355,-0.25418658283290013,0.0,-0.16072531044483185,0.12637019157409668,0.0,-0.25418658283290013,0.0,-0.147414892911911,-0.14307893812656403
195.0,-0.15060976147651672,-0.13297249671119835,-0.25029597187117203,0.0,-0.15060976147651672,-0.02652440520421583,-0.25418658283290013,0.0,-0.15458090603351593,0.12479064613580704,0.0,-0.25418658283290013,0.0,-0.15020127594470978,0.1324543058872223
196.0,-0.15055713057518005,-0.14652341092497037,-0.250315721165394,0.0,-0.15055713057518005,-0.025725324784741183,-0.25418658283290013,0.0,-0.14024321734905243,0.13089443743228912,0.0,-0.25418658283290013,0.0,-0.1637871414422989,0.1326860636472702
197.0,-0.15062355995178223,-0.13162386429243894,-0.2503352709717956,0.0,-0.15062355995178223,-0.026279651945588563,-0.25418658283290013,0.0,-0.1637081503868103,-0.13548210263252258,0.0,-0.25418658283290013,0.0,-0.14368963241577148,0.12296053022146225
198.0,-0.15061025321483612,-0.2861458069140186,-0.25035462429773075,0.0,-0.15061025321483612,-0.026899005337875693,-0.25418658283290013,0.0,-0.1479780375957489,-0.14953097701072693,0.0,-0.25418658283290013,0.0,-0.167212575674057,-0.1274668127298355
199.0,-0.15067176520824432,-0.2677485180972584,-0.25037378409040656,0.0,-0.15067176520824432,-0.02609074454754591,-0.25418658283290013,0.0,-0.1629134714603424,0.13475315272808075,0.0,-0.25418658283290013,0.0,-0.1350199431180954,-0.15512685477733612
200.0,-0.15069158375263214,-0.27047156574872144,-0.2503927532383792,0.0,-0.15069158375263214,-0.026694544994119388,-0.25418658283290013,0.0,-0.15465515851974487,-0.147454634308815,0.0,-0.25418658283290013,0.0,-0.1514563262462616,-0.12991133332252502
201.0,-0.15072591602802277,-0.13875332773541446,-0.2504115345730055,0.0,-0.15072591602802277,-0.02728297557718683,-0.25418658283290013,0.0,-0.15762707591056824,-0.14555752277374268,0.0,-0.25418658283290013,0.0,-0.15797531604766846,0.13731740415096283
202.0,-0.15075695514678955,-0.14845923379748846,-0.2504301308698523,0.0,-0.15075695514678955,-0.02657452075205413,-0.25418658283290013,0.0,-0.15702560544013977,0.11653335392475128,0.0,-0.25418658283290013,0.0,-0.15336129069328308,0.1095639243721962
203.0,-0.15075933933258057,-0.27658300903040467,-0.2504485448500633,0.0,-0.15075933933258057,-0.027257462086922982,-0.25418658283290013,0.0,-0.15124057233333588,-0.1658945530653,0.0,-0.25418658283290013,0.0,-0.1486278921365738,-0.15087048709392548
204.0,-0.1507958620786667,-0.2654285523501718,-0.2504667791816869,0.0,-0.1507958620786667,-0.027777740032207676,-0.25418658283290013,0.0,-0.15824615955352783,-0.13391444087028503,0.0,-0.25418658283290013,0.0,-0.14630034565925598,-0.13470925390720367
205.0,-0.15074731409549713,-0.1063980510538129,-0.25048483648096465,0.0,-0.15074731409549713,-0.02822035529370447,-0.25418658283290013,0.0,-0.14079716801643372,-0.11895648390054703,0.0,-0.25418658283290013,0.0,-0.12653441727161407,0.1398666799068451
206.0,-0.15084832906723022,-0.2943412242786934,-0.2505027193135827,0.0,-0.15084832906723022,-0.027363916310135294,-0.25418658283290013,0.0,-0.1716553270816803,0.14906251430511475,0.0,-0.25418658283290013,0.0,-0.16969811916351318,-0.14797069132328033
207.0,-0.15090280771255493,-0.13743652647693513,-0.2505204301958871,0.0,-0.15090280771255493,-0.02660602632050331,-0.25418658283290013,0.0,-0.16218456625938416,0.13027720153331757,0.0,-0.25418658283290013,0.0,-0.1536586731672287,0.13242898881435394
208.0,-0.15087023377418518,-0.2804318814151437,-0.2505379715960642,0.0,-0.15087023377418518,-0.027170924193551094,-0.25418658283290013,0.0,-0.14409488439559937,-0.14466968178749084,0.0,-0.25418658283290013,0.0,-0.15282917022705078,-0.15631140768527985
209.0,-0.15086857974529266,-0.2801957746348737,-0.2505553459352872,0.0,-0.15086857974529266,-0.027834855658667428,-0.25418658283290013,0.0,-0.15052258968353271,-0.16659653186798096,0.0,-0.25418658283290013,0.0,-0.16280606389045715,-0.1369251012802124
210.0,-0.15085123479366302,-0.2761511029384968,-0.25057255558883046,0.0,-0.15085123479366302,-0.02836502318698648,-0.25418658283290013,0.0,-0.14720836281776428,-0.13970020413398743,0.0,-0.25418658283290013,0.0,-0.1615128070116043,-0.13247375190258026
211.0,-0.15093012154102325,-0.2859945282282401,-0.25058960288715154,0.0,-0.15093012154102325,-0.028784376867818384,-0.25418658283290013,0.0,-0.16757473349571228,-0.11726800352334976,0.0,-0.25418658283290013,0.0,-0.16076558828353882,-0.15515395998954773
212.0,-0.15094979107379913,-0.27613126868359233,-0.25060649011694375,0.0,-0.15094979107379913,-0.029299843374272466,-0.25418658283290013,0.0,-0.15512223541736603,-0.13857874274253845,0.0,-0.25418658283290013,0.0,-0.16009148955345154,-0.13754628598690033
213.0,-0.15091006457805634,-0.2826431396487878,-0.25062321952215855,0.0,-0.15091006457805634,-0.028564540895624695,-0.25418658283290013,0.0,-0.14244884252548218,0.1280548870563507,0.0,-0.25418658283290013,0.0,-0.15889109671115875,-0.15452350676059723
214.0,-0.15092933177947998,-0.2895913512075151,-0.2506397933049992,0.0,-0.15092933177947998,-0.029115649745907895,-0.25418658283290013,0.0,-0.1550477296113968,-0.14705294370651245,0.0,-0.25418658283290013,0.0,-0.17536641657352448,-0.13602669537067413
215.0,-0.150957390666008,-0.14450218158566844,-0.25065621362688756,0.0,-0.150957390666008,-0.02968580989787976,-0.25418658283290013,0.0,-0.15698884427547455,-0.15227024257183075,0.0,-0.25418658283290013,0.0,-0.1587856113910675,0.12965159118175507
216.0,-0.15096445381641388,-0.1360805890394663,-0.2506724826094037,0.0,-0.15096445381641388,-0.030000960119583638,-0.25418658283290013,0.0,-0.152489572763443,-0.09807340800762177,0.0,-0.25418658283290013,0.0,-0.15621542930603027,0.14199230074882507
217.0,-0.15100188553333282,-0.26654374307007367,-0.25068860233519963,0.0,-0.15100188553333282,-0.030377482397293827,-0.25418658283290013,0.0,-0.15912893414497375,-0.1120828166604042,0.0,-0.25418658283290013,0.0,-0.16743658483028412,-0.10764585435390472
218.0,-0.15096546709537506,-0.28306455467522285,-0.25070457484888775,0.0,-0.15096546709537506,-0.02968117325953697,-0.25418658283290013,0.0,-0.14302463829517365,0.12211421877145767,0.0,-0.25418658283290013,0.0,-0.16553974151611328,-0.14736339449882507
219.0,-0.1510130763053894,-0.14505178237023678,-0.250720402157906,0.0,-0.1510130763053894,-0.030301725085486064,-0.25418658283290013,0.0,-0.16144266724586487,-0.166202574968338,0.0,-0.25418658283290013,0.0,-0.15768852829933167,0.12671896815299988
220.0,-0.15110909938812256,-0.1308765563576981,-0.25073608623335847,0.0,-0.15110909938812256,-0.030848937505240894,-0.25418658283290013,0.0,-0.17223283648490906,-0.1512356698513031,0.0,-0.25418658283290013,0.0,-0.1366013139486313,0.1121593713760376
221.0,-0.15114036202430725,-0.2681960079978291,-0.25075162901083387,0.0,-0.15114036202430725,-0.03135631404615737,-0.25418658283290013,0.0,-0.15805160999298096,-0.14348652958869934,0.0,-0.25418658283290013,0.0,-0.15357378125190735,-0.14455895125865936
222.0,-0.15117217600345612,-0.2619837398141293,-0.25076703239120185,0.0,-0.15117217600345612,-0.031884837678462404,-0.25418658283290013,0.0,-0.1582341194152832,-0.14921708405017853,0.0,-0.25418658283290013,0.0,-0.14268791675567627,-0.15567710995674133
223.0,-0.15117183327674866,-0.12948975522129813,-0.25078229824138804,0.0,-0.15117183327674866,-0.031180280294003233,-0.25418658283290013,0.0,-0.15109233558177948,0.12593601644039154,0.0,-0.25418658283290013,0.0,-0.14498169720172882,0.13335151970386505
224.0,-0.1511763334274292,-0.2898760724504682,-0.2507974283951281,0.0,-0.1511763334274292,-0.031602995428774094,-0.25418658283290013,0.0,-0.15218272805213928,-0.1262911856174469,0.0,-0.25418658283290013,0.0,-0.16663599014282227,-0.16649940609931946
225.0,-0.15117895603179932,-0.12543095274797067,-0.2508124246537023,0.0,-0.15117895603179932,-0.031993401195623175,-0.25418658283290013,0.0,-0.15176847577095032,-0.11983469873666763,0.0,-0.25418658283290013,0.0,-0.14141647517681122,0.13472138345241547
226.0,-0.15113145112991333,-0.2767577240896019,-0.25082728878665034,0.0,-0.15113145112991333,-0.032517486272404375,-0.25418658283290013,0.0,-0.14039859175682068,-0.15096071362495422,0.0,-0.25418658283290013,0.0,-0.16092276573181152,-0.15271280705928802
227.0,-0.15114857256412506,-0.2637486525663543,-0.2508420225324672,0.0,-0.15114857256412506,-0.03305925115158683,-0.25418658283290013,0.0,-0.15503224730491638,-0.15603987872600555,0.0,-0.25418658283290013,0.0,-0.1500064879655838,-0.14924019575119019
228.0,-0.1511213183403015,-0.25486486231818234,-0.25085662759928135,0.0,-0.1511213183403015,-0.03355395234307868,-0.25418658283290013,0.0,-0.1449047029018402,-0.1463458240032196,0.0,-0.25418658283290013,0.0,-0.1475604772567749,-0.13616454601287842
229.0,-0.1511814445257187,-0.2641476314694618,-0.25087110566551446,0.0,-0.1511814445257187,-0.03284866680269656,-0.25418658283290013,0.0,-0.16495391726493835,0.12866172194480896,0.0,-0.25418658283290013,0.0,-0.1573888063430786,-0.13598987460136414
230.0,-0.15118926763534546,-0.255151023155301,-0.2508854583805248,0.0,-0.15118926763534546,-0.03334941318282833,-0.25418658283290013,0.0,-0.1529867947101593,-0.1485210806131363,0.0,-0.25418658283290013,0.0,-0.15649569034576416,-0.11902530491352081
231.0,-0.15117579698562622,-0.27461199589176827,-0.2508996873652332,0.0,-0.15117579698562622,-0.03376410445519563,-0.25418658283290013,0.0,-0.1480671912431717,-0.1295577883720398,0.0,-0.25418658283290013,0.0,-0.1722499132156372,-0.1282384693622589
232.0,-0.15122203528881073,-0.15132385561206838,-0.25091379421273396,0.0,-0.15122203528881073,-0.03410675562118767,-0.25418658283290013,0.0,-0.1619483232498169,-0.11360182613134384,0.0,-0.25418658283290013,0.0,-0.15940196812152863,0.11808954179286957
233.0,-0.15125462412834167,-0.2522229528990521,-0.25092778048888853,0.0,-0.15125462412834167,-0.033401343589409806,-0.25418658283290013,0.0,-0.15884867310523987,0.1309596598148346,0.0,-0.25418658283290013,0.0,-0.14205068349838257,-0.14777067303657532
234.0,-0.15124677121639252,-0.2453754835970445,-0.2509416477329056,0.0,-0.15124677121639252,-0.03268680283997921,-0.25418658283290013,0.0,-0.1494121104478836,0.13451573252677917,0.0,-0.25418658283290013,0.0,-0.14638832211494446,-0.12356740236282349
235.0,-0.15129338204860687,-0.2712103367951953,-0.25095539745790557,0.0,-0.15129338204860687,-0.03199452057607093,-0.25418658283290013,0.0,-0.1622440069913864,0.13069181144237518,0.0,-0.25418658283290013,0.0,-0.16329045593738556,-0.14477959275245667
236.0,-0.15126661956310272,-0.264417117815906,-0.25096903115147096,0.0,-0.15126661956310272,-0.03252406390030173,-0.25418658283290013,0.0,-0.14495113492012024,-0.15749628841876984,0.0,-0.25418658283290013,0.0,-0.15560570359230042,-0.1478475034236908
237.0,-0.15124960243701935,-0.25046249782177676,-0.2509825502761828,0.0,-0.15124960243701935,-0.032917171810604946,-0.25418658283290013,0.0,-0.14721402525901794,-0.12608374655246735,0.0,-0.25418658283290013,0.0,-0.13686701655387878,-0.15983626246452332
238.0,-0.15124310553073883,-0.13676564812074202,-0.250995956270144,0.0,-0.15124310553073883,-0.03224761531567474,-0.25418658283290013,0.0,-0.14969703555107117,0.12710683047771454,0.0,-0.25418658283290013,0.0,-0.1502334177494049,0.13093537092208862
239.0,-0.15126881003379822,-0.25388321607668685,-0.25100925054748885,0.0,-0.15126881003379822,-0.03155862729375561,-0.25418658283290013,0.0,-0.15741416811943054,0.13310950994491577,0.0,-0.25418658283290013,0.0,-0.1457817107439041,-0.14934733510017395
240.0,-0.1513836681842804,-0.25115299275877645,-0.25102243449888056,0.0,-0.1513836681842804,-0.030936448003988544,-0.25418658283290013,0.0,-0.17894825339317322,0.11838658154010773,0.0,-0.25418658283290013,0.0,-0.14986589550971985,-0.1346026510000229
241.0,-0.15148217976093292,-0.27059010322233507,-0.2510355094919964,0.0,-0.15148217976093292,-0.03143303062428127,-0.25418658283290013,0.0,-0.17522494494915009,-0.15110944211483002,0.0,-0.25418658283290013,0.0,-0.1579892635345459,-0.16188989579677582
242.0,-0.15151500701904297,-0.26065840379184724,-0.2510484768720001,0.0,-0.15151500701904297,-0.03190238163672357,-0.25418658283290013,0.0,-0.15945541858673096,-0.14548532664775848,0.0,-0.25418658283290013,0.0,-0.15259745717048645,-0.1523694545030594
243.0,-0.15152893960475922,-0.1493446804063047,-0.25106133796200375,0.0,-0.15152893960475922,-0.03236670312700701,-0.25418658283290013,0.0,-0.15491601824760437,-0.1451968252658844,0.0,-0.25418658283290013,0.0,-0.16116665303707123,0.1277230829000473
244.0,-0.15155017375946045,-0.27417543440528575,-0.25107409406351766,0.0,-0.15155017375946045,-0.03176941743918828,-0.25418658283290013,0.0,-0.15673133730888367,0.11396829038858414,0.0,-0.25418658283290013,0.0,-0.16864928603172302,-0.14847798645496368
245.0,-0.15158028900623322,-0.2686504669892108,-0.2510867464568891,0.0,-0.15158028900623322,-0.03228150762435866,-0.25418658283290013,0.0,-0.1589585244655609,-0.15774360299110413,0.0,-0.25418658283290013,0.0,-0.1614009439945221,-0.15356670320034027
246.0,-0.15159396827220917,-0.2471774095782435,-0.25109929640173123,0.0,-0.15159396827220917,-0.03160316976699752,-0.25418658283290013,0.0,-0.15496212244033813,0.1352679431438446,0.0,-0.25418658283290013,0.0,-0.1450699269771576,-0.1423908770084381
247.0,-0.15164242684841156,-0.1350218232466262,-0.2511117451373408,0.0,-0.15164242684841156,-0.03094273883729212,-0.25418658283290013,0.0,-0.1636134684085846,0.13218370079994202,0.0,-0.25418658283290013,0.0,-0.15334638953208923,0.14367642998695374
248.0,-0.1516575664281845,-0.25349894574439347,-0.25112409388310614,0.0,-0.1516575664281845,-0.03139526250371971,-0.25418658283290013,0.0,-0.15540902316570282,-0.14362113177776337,0.0,-0.25418658283290013,0.0,-0.16447503864765167,-0.11304323375225067
249.0,-0.1516410857439041,-0.24994039007011312,-0.2511363438389053,0.0,-0.1516410857439041,-0.03178023397922516,-0.25418658283290013,0.0,-0.14753513038158417,-0.12763813138008118,0.0,-0.25418658283290013,0.0,-0.1502014696598053,-0.13964392244815826
250.0,-0.15169009566307068,-0.252766346712251,-0.25114849618549495,0.0,-0.15169009566307068,-0.03119465557346306,-0.25418658283290013,0.0,-0.16394680738449097,0.11519994586706161,0.0,-0.25418658283290013,0.0,-0.16406750679016113,-0.11397025734186172
251.0,-0.15168306231498718,-0.2540571570178169,-0.2511605520848894,0.0,-0.15168306231498718,-0.031640324652904554,-0.25418658283290013,0.0,-0.14991672337055206,-0.14350326359272003,0.0,-0.25418658283290013,0.0,-0.1513669192790985,-0.14870896935462952
252.0,-0.1516951024532318,-0.26561603670492273,-0.2511725126807313,0.0,-0.1516951024532318,-0.030999087209522488,-0.25418658283290013,0.0,-0.15472634136676788,0.13059274852275848,0.0,-0.25418658283290013,0.0,-0.16404908895492554,-0.14696457982063293
253.0,-0.15164829790592194,-0.1363816578000142,-0.25118437909865327,0.0,-0.15164829790592194,-0.03144759646668209,-0.25418658283290013,0.0,-0.13980962336063385,-0.1449204385280609,0.0,-0.25418658283290013,0.0,-0.15401357412338257,0.14304225146770477
254.0,-0.15162113308906555,-0.14275428103389678,-0.2511961524466307,0.0,-0.15162113308906555,-0.03193341303689807,-0.25418658283290013,0.0,-0.14472010731697083,-0.1553308218717575,0.0,-0.25418658283290013,0.0,-0.15924647450447083,0.14041851460933685
255.0,-0.15168745815753937,-0.2514325433136752,-0.251207833815327,0.0,-0.15168745815753937,-0.032325604028301314,-0.25418658283290013,0.0,-0.16860070824623108,-0.13233430683612823,0.0,-0.25418658283290013,0.0,-0.1471281200647354,-0.15662823617458344
256.0,-0.1516880840063095,-0.14729176596060894,-0.2512194242784304,0.0,-0.1516880840063095,-0.03169712044501583,-0.25418658283290013,0.0,-0.15184719860553741,0.12919467687606812,0.0,-0.25418658283290013,0.0,-0.1648290604352951,0.14331690967082977
257.0,-0.15174610912799835,-0.2792907663646677,-0.2512309248929827,0.0,-0.15174610912799835,-0.03216393878178079,-0.25418658283290013,0.0,-0.16666030883789062,-0.15213625133037567,0.0,-0.25418658283290013,0.0,-0.1826813519001007,-0.13955260813236237
258.0,-0.15180864930152893,-0.14347265877475662,-0.2512423366997005,0.0,-0.15180864930152893,-0.031590537329898374,-0.25418658283290013,0.0,-0.16794225573539734,0.11634703725576401,0.0,-0.25418658283290013,0.0,-0.15449859201908112,0.12744586169719696
259.0,-0.1518336683511734,-0.271210403901743,-0.25125366072328975,0.0,-0.1518336683511734,-0.030996850190254357,-0.25418658283290013,0.0,-0.15831664204597473,0.12276811897754669,0.0,-0.25418658283290013,0.0,-0.17408807575702667,-0.14269128441810608
260.0,-0.1517612338066101,-0.2596122007146057,-0.2512648979727518,0.0,-0.1517612338066101,-0.03049765769891812,-0.25418658283290013,0.0,-0.13292092084884644,0.09929239004850388,0.0,-0.25418658283290013,0.0,-0.16328373551368713,-0.14163336157798767
261.0,-0.15182919800281525,-0.14289577371389667,-0.25127604944168375,0.0,-0.15182919800281525,-0.029915135865675586,-0.25418658283290013,0.0,-0.16957105696201324,0.12212306261062622,0.0,-0.25418658283290013,0.0,-0.15058133006095886,0.1193525567650795
262.0,-0.1518435776233673,-0.2575938923485631,-0.2512871161085704,0.0,-0.1518435776233673,-0.030389998887201678,-0.25418658283290013,0.0,-0.15561404824256897,-0.15480411052703857,0.0,-0.25418658283290013,0.0,-0.16646087169647217,-0.1303526759147644
263.0,-0.15182246267795563,-0.26376874472979667,-0.25129809893707167,0.0,-0.15182246267795563,-0.03081498501088583,-0.25418658283290013,0.0,-0.14626936614513397,-0.1425863355398178,0.0,-0.25418658283290013,0.0,-0.16635388135910034,-0.14716723561286926
264.0,-0.1518726348876953,-0.2462543505359256,-0.2513089988763012,0.0,-0.1518726348876953,-0.03127779513597488,-0.25418658283290013,0.0,-0.1651155650615692,-0.15345966815948486,0.0,-0.25418658283290013,0.0,-0.1480068415403366,-0.15022411942481995
265.0,-0.15186023712158203,-0.23944340059864877,-0.2513198168611005,0.0,-0.15186023712158203,-0.03166027330702409,-0.25418658283290013,0.0,-0.14857664704322815,-0.13301698863506317,0.0,-0.25418658283290013,0.0,-0.1444680392742157,-0.1428031623363495
266.0,-0.15189458429813385,-0.24156364677775832,-0.25133055381230573,0.0,-0.15189458429813385,-0.03201463659492771,-0.25418658283290013,0.0,-0.16102828085422516,-0.12627527117729187,0.0,-0.25418658283290013,0.0,-0.14091402292251587,-0.15827666223049164
267.0,-0.15193267166614532,-0.2417300898932353,-0.2513412106370094,0.0,-0.15193267166614532,-0.03238951095115783,-0.25418658283290013,0.0,-0.16210207343101501,-0.13248096406459808,0.0,-0.25418658283290013,0.0,-0.1507391482591629,-0.13436605036258698
268.0,-0.15195849537849426,-0.13912402905721163,-0.2513517882288157,0.0,-0.15195849537849426,-0.03283838587068714,-0.25418658283290013,0.0,-0.15887993574142456,-0.15313686430454254,0.0,-0.25418658283290013,0.0,-0.1507565677165985,0.13007381558418274
269.0,-0.15201278030872345,-0.14067370686527048,-0.2513622874680901,0.0,-0.15201278030872345,-0.03323668166995049,-0.25418658283290013,0.0,-0.1666153371334076,-0.14037825167179108,0.0,-0.25418658283290013,0.0,-0.15060704946517944,0.12577632069587708
270.0,-0.15199105441570282,-0.24409080092799804,-0.2513727092222038,0.0,-0.15199105441570282,-0.032702603325852606,-0.25418658283290013,0.0,-0.1461281031370163,0.11149854958057404,0.0,-0.25418658283290013,0.0,-0.15339195728302002,-0.1362287700176239
271.0,-0.1520194113254547,-0.24087497948286754,-0.2513830543457725,0.0,-0.1520194113254547,-0.033044130897478145,-0.25418658283290013,0.0,-0.15970447659492493,-0.12559810280799866,0.0,-0.25418658283290013,0.0,-0.14715944230556488,-0.14498655498027802
272.0,-0.15200994908809662,-0.14344777007629556,-0.25139332368089023,0.0,-0.15200994908809662,-0.03348916913672681,-0.25418658283290013,0.0,-0.1494317203760147,-0.1545395702123642,0.0,-0.25418658283290013,0.0,-0.15183910727500916,0.12201686948537827
273.0,-0.15203548967838287,-0.15507015661491405,-0.25140351805735744,0.0,-0.15203548967838287,-0.03291045882514793,-0.25418658283290013,0.0,-0.15901058912277222,0.12507745623588562,0.0,-0.25418658283290013,0.0,-0.16496512293815613,0.12605713307857513
274.0,-0.15209127962589264,-0.258408497269468,-0.25141363829290486,0.0,-0.15209127962589264,-0.03331008334051479,-0.25418658283290013,0.0,-0.16737931966781616,-0.14280720055103302,0.0,-0.25418658283290013,0.0,-0.15946154296398163,-0.16151516139507294
275.0,-0.15212781727313995,-0.24703515585563135,-0.25142368519341207,0.0,-0.15212781727313995,-0.033592220368808594,-0.25418658283290013,0.0,-0.16217410564422607,-0.1111799031496048,0.0,-0.25418658283290013,0.0,-0.15534508228302002,-0.1432165652513504
276.0,-0.1522027552127838,-0.1451145616343504,-0.2514336595531214,0.0,-0.1522027552127838,-0.033008307030269815,-0.25418658283290013,0.0,-0.17288561165332794,0.1281517744064331,0.0,-0.25418658283290013,0.0,-0.15890748798847198,0.13671959936618805
277.0,-0.1522875726222992,-0.13032791916173017,-0.25144356215484726,0.0,-0.1522875726222992,-0.03243517814029893,-0.25418658283290013,0.0,-0.17577995359897614,0.12632152438163757,0.0,-0.25418658283290013,0.0,-0.14424100518226624,0.13717320561408997
278.0,-0.15237239003181458,-0.22498343761531187,-0.2514533937701808,0.0,-0.15237239003181458,-0.031910604847374784,-0.25418658283290013,0.0,-0.17595507204532623,0.11392077058553696,0.0,-0.25418658283290013,0.0,-0.13769623637199402,-0.1340542435646057
279.0,-0.15239083766937256,-0.14030541510769315,-0.2514631551596904,0.0,-0.15239083766937256,-0.03137328675282853,-0.25418658283290013,0.0,-0.15753605961799622,0.11853846162557602,0.0,-0.25418658283290013,0.0,-0.15113097429275513,0.1291319876909256
280.0,-0.1524306982755661,-0.24064900078307244,-0.2514728470731183,0.0,-0.1524306982755661,-0.03170696529311218,-0.25418658283290013,0.0,-0.1635921150445938,-0.12513695657253265,0.0,-0.25418658283290013,0.0,-0.15164777636528015,-0.140361025929451
281.0,-0.1524202674627304,-0.14437650928455883,-0.2514824702495714,0.0,-0.1524202674627304,-0.03211303285144745,-0.25418658283290013,0.0,-0.14948901534080505,-0.14621801674365997,0.0,-0.25418658283290013,0.0,-0.15695425868034363,0.13408896327018738
282.0,-0.15241433680057526,-0.2204180900379257,-0.2514920254177104,0.0,-0.15241433680057526,-0.03241994532068711,-0.25418658283290013,0.0,-0.1507430523633957,-0.11896926164627075,0.0,-0.25418658283290013,0.0,-0.15022887289524078,-0.09090556204319
283.0,-0.15243877470493317,-0.13664165479610704,-0.25150151329593284,0.0,-0.15243877470493317,-0.03181944611731549,-0.25418658283290013,0.0,-0.15935644507408142,0.1381218284368515,0.0,-0.25418658283290013,0.0,-0.15018323063850403,0.13696147501468658
284.0,-0.15250293910503387,-0.17443176151397935,-0.2515109345925538,0.0,-0.15250293910503387,-0.031267762889987546,-0.25418658283290013,0.0,-0.1707209199666977,0.1254102736711502,0.0,-0.25418658283290013,0.0,-0.18431547284126282,0.12707239389419556
285.0,-0.1525207906961441,-0.22755117452491935,-0.2515202900059816,0.0,-0.1525207906961441,-0.030677732028119215,-0.25418658283290013,0.0,-0.15760940313339233,0.13748106360435486,0.0,-0.25418658283290013,0.0,-0.1484593152999878,-0.11740001291036606
286.0,-0.1526031494140625,-0.24565395029609471,-0.25152958022489075,0.0,-0.1526031494140625,-0.03105132720507811,-0.25418658283290013,0.0,-0.1761588156223297,-0.13789954781532288,0.0,-0.25418658283290013,0.0,-0.16121649742126465,-0.13290497660636902
287.0,-0.15255986154079437,-0.2578107303279832,-0.25153880592839073,0.0,-0.15255986154079437,-0.03144101025019255,-0.25418658283290013,0.0,-0.14013709127902985,-0.1432800441980362,0.0,-0.25418658283290013,0.0,-0.16613700985908508,-0.15374593436717987
